id,firstName,lastName,email,gender,contactNo,country,dob

2,Jolyn,Bragg,jbragg1@,Genderqueer,614-319-7266,United States
,Hamil Bramford,25,hbramford1@artisteer.com,Male,727-134-7913,,Web Developer I,Twitterworks,Dong,Divorced,["Reading","Hiking","Photography"],Master's Degree in Engineering
,Koral Arr,66,karr5@google.nl,Female,,87373 Becker Street,Human Resources Assistant IV,Tagopia,Pound,Widowed,["Hiking","Reading"],Bachelor's Degree in Computer Science
,,120,rchasson7@technorati.com,Female,550-475-0387,160 Sutteridge Pass,Software Consultant,Voonte,Denar,Widowed,["Photography","Reading"],PhD in Mathematics
,Faydra Grave,33,,Female,421-834-8283,747 Main Drive,GIS Technical Architect,Leexo,Rupiah,Single,["Photography"],PhD in Mathematics
,Cynthie MacGraith,61,cmacgraithd@intel.com,,394-391-6428,7763 Golf Place,Structural Analysis Engineer,Tavu,Ruble,Divorced,["Hiking","Photography","Reading"],Bachelor's Degree in Computer Science
,Kingsley Audrey,110,kaudreyg@xinhuanet.com,Male,635-968-7006,1494 Wayridge Point,,Lazzy,Rupiah,Widowed,["Photography","Reading","Hiking"],PhD in Mathematics
,Robinett La Croce,52,rlao@trellian.com,Female,531-923-5378,656 Nevada Road,Quality Engineer,,Peso,Widowed,["Hiking"],PhD in Mathematics
,Moselle Dunhill,71,mdunhillu@weather.com,Female,605-561-7291,2 Jackson Circle,Programmer II,Jabberstorm,,Divorced,["Reading"],Bachelor's Degree in Computer Science
,Sheila Biasetti,28,sbiasettiz@gov.uk,Female,342-514-8888,46 Eastlawn Hill,Teacher,Yombu,Zloty,,["Reading","Photography","Hiking"],Master's Degree in Engineering
,Jobie Lutty,101,jlutty1d@china.com.cn,Agender,402-544-5385,28 Prentice Street,Statistician II,Quimba,Pound,Married,,Bachelor's Degree in Computer Science
,Danya Benini,116,dbenini1y@cdbaby.com,Male,851-287-0644,61838 Grover Avenue,Financial Analyst,Flashspan,Ariary,Divorced,["Photography"],
